Block,Strain,ID,Treatment,D1,D2,D3,D4,D5,D6,D7,D8,D9,D10
1,N2,1,daf,1,38,53,54,47,61,25,7,1,0
1,N2,2,daf,3,32,38,23,24,26,24,15,10,9
1,N2,3,ev,0,32,40,33,26,18,23,12,13,7
1,N2,4,ev,0,29,36,42,49,41,3,1,0,0
1,N2,5,ev,0,8,23,37,31,40,41,33,27,5
1,N2,6,ev,2,35,64,68,20,2,0,0,0,0
1,N2,7,daf,43,79,82,62,3,0,0,0,0,0
1,N2,8,daf,0,33,57,53,44,39,17,2,1,0
1,N2,9,daf,0,19,51,57,40,8,7,0,2,0
1,N2,10,ev,3,27,39,49,44,54,31,17,3,0
1,N2,11,daf,4,48,61,56,45,38,17,15,4,1
1,N2,12,daf,0,20,56,65,75,49,14,0,0,0
1,N2,13,daf,7,44,72,70,67,22,3,0,0,1
1,N2,14,ev,3,31,51,43,40,42,22,11,1,0
1,N2,15,ev,0,29,46,36,26,14,9,2,1,2
1,N2,16,ev,0,39,52,62,50,25,8,1,0,1
1,N2,17,daf,0,27,45,51,42,41,19,9,0,0
1,N2,18,ev,1,37,47,34,40,42,35,7,0,0
1,N2,19,daf,0,35,45,56,49,31,10,1,0,1
1,N2,20,daf,0,28,39,45,51,48,24,10,0,1
1,N2,21,ev,2,22,53,69,36,12,4,3,0,0
1,N2,22,daf,0,30,50,62,44,19,6,0,0,1
1,N2,23,ev,0,32,56,57,58,22,7,1,0,0
1,N2,24,ev,2,22,44,45,45,51,34,11,0,0
1,N2,25,ev,3,30,48,54,64,48,9,1,0,1
1,N2,26,ev,0,31,57,54,55,46,16,0,0,0
1,N2,27,daf,0,31,51,48,44,23,20,4,0,0
1,N2,28,daf,0,30,55,63,60,39,20,6,1,1
1,N2,29,daf,0,23,42,49,56,40,4,0,0,1
1,N2,30,ev,1,40,58,67,56,19,1,1,0,0
1,N2,31,ev,0,27,49,59,52,54,7,2,0,1
1,N2,32,daf,1,31,62,53,53,31,7,0,0,0
1,N2,33,ev,0,30,47,57,41,52,7,3,0,0
1,N2,34,ev,4,39,63,60,22,62,21,4,1,0
1,N2,35,ev,3,31,33,36,30,20,19,14,2,0
1,N2,36,ev,0,21,44,52,52,42,13,0,0,0
1,N2,37,daf,0,37,47,58,39,31,3,0,3,0
1,N2,38,daf,0,22,39,40,25,40,19,18,5,1
1,N2,39,daf,0,16,45,46,32,32,7,3,0,0
1,N2,40,ev,0,24,22,39,17,31,19,12,2,0
1,N2,41,daf,2,37,51,60,19,12,3,0,0,0
1,N2,42,ev,0,27,41,45,46,NA,NA,NA,NA,NA
1,N2,43,daf,1,32,43,60,44,38,4,2,0,0
1,N2,44,daf,0,45,59,76,36,26,3,3,0,0
1,N2,45,ev,0,22,25,48,42,42,20,5,0,1
1,N2,46,daf,0,28,47,57,49,50,12,1,0,2
1,N2,47,daf,0,28,51,59,50,20,4,0,0,0
1,N2,48,ev,0,31,43,49,33,37,17,0,0,0
1,N2,49,ev,0,19,42,33,21,36,27,6,0,0
1,N2,50,ev,0,23,25,46,44,35,14,6,0,3
1,N2,51,ev,1,26,36,41,38,41,15,5,0,0
1,N2,52,ev,0,32,63,57,45,16,2,15,5,5
1,N2,53,daf,0,26,51,59,41,43,5,0,2,0
1,N2,54,daf,0,23,48,48,42,31,11,0,0,0
1,N2,55,daf,0,16,37,45,33,11,9,0,0,1
1,N2,56,daf,0,27,50,59,45,33,3,6,1,0
1,N2,57,ev,0,33,52,64,42,15,0,0,1,0
1,N2,58,daf,0,15,61,58,27,21,8,3,2,0
1,N2,59,daf,0,29,33,48,59,19,7,1,0,0
1,N2,60,ev,0,25,25,28,37,18,3,0,0,0
3,N2,61,daf,2,28,63,64,60,19,2,1,0,0
3,N2,62,ev,1,41,66,80,72,35,1,0,0,0
3,N2,63,daf,0,25,53,81,43,20,1,0,2,0
3,N2,64,ev,0,22,54,65,58,35,0,1,1,1
3,N2,65,daf,2,25,32,49,51,38,28,4,1,0
3,N2,66,daf,6,44,65,64,39,10,0,0,0,0
3,N2,67,daf,4,39,46,31,25,23,23,17,17,8
3,N2,68,daf,6,38,66,67,51,27,4,2,0,2
3,N2,69,ev,2,37,70,70,66,12,1,0,1,0
3,N2,70,daf,0,34,55,59,55,48,16,2,0,0
3,N2,71,ev,4,43,67,78,37,22,0,1,0,0
3,N2,72,daf,7,39,68,65,63,31,17,1,2,1
3,N2,73,daf,NA,NA,NA,NA,NA,NA,NA,NA,NA,NA
3,N2,74,ev,2,44,47,50,45,53,25,7,0,2
3,N2,75,ev,2,42,55,70,66,26,0,0,0,0
3,N2,76,daf,5,47,75,72,50,10,2,0,1,0
3,N2,77,ev,0,33,65,62,51,6,0,0,0,0
3,N2,78,daf,4,46,68,74,61,31,9,1,0,0
3,N2,79,ev,7,41,74,70,42,9,0,0,0,0
3,N2,80,daf,7,41,73,69,55,33,7,0,0,1
3,N2,81,ev,0,31,34,33,37,34,27,17,6,0
3,N2,82,ev,2,31,59,77,51,17,0,0,0,0
3,N2,83,daf,2,37,58,77,68,45,13,2,0,1
3,N2,84,daf,0,18,50,62,31,22,8,1,0,0
3,N2,85,daf,0,22,47,52,49,44,21,15,5,2
3,N2,86,ev,4,40,74,78,54,16,1,0,0,0
3,N2,87,ev,8,32,47,49,51,49,6,0,0,1
3,N2,88,daf,7,37,62,63,64,47,4,0,0,0
3,N2,89,daf,4,51,71,71,60,21,1,1,0,1
3,N2,90,ev,0,25,48,60,44,29,4,0,1,0
3,N2,91,daf,4,36,56,68,52,23,4,0,1,1
3,N2,92,daf,6,39,57,59,62,21,1,2,0,1
3,N2,93,ev,3,36,63,78,69,28,5,1,0,0
3,N2,94,ev,6,42,65,74,72,36,2,1,0,0
3,N2,95,ev,4,33,55,68,69,50,2,0,0,0
3,N2,96,daf,3,41,64,59,62,45,8,1,2,1
3,N2,97,ev,0,38,38,43,46,49,5,0,0,0
3,N2,98,daf,0,42,51,62,62,41,11,2,0,0
3,N2,99,daf,4,39,65,56,64,54,33,10,2,0
3,N2,100,daf,2,34,64,61,60,27,5,2,0,1
3,N2,101,daf,0,31,40,49,54,27,5,0,1,0
3,N2,102,ev,11,38,45,47,64,66,31,0,1,1
3,N2,103,ev,5,39,59,76,68,20,1,0,0,0
3,N2,104,ev,0,26,46,58,65,50,9,1,0,0
3,N2,105,ev,0,20,33,33,35,32,24,23,10,1
3,N2,106,ev,0,31,62,67,61,53,30,6,1,0
3,N2,107,ev,0,26,30,22,15,13,13,8,7,8
3,N2,108,daf,4,37,60,67,43,20,4,1,0,0
3,N2,109,daf,3,20,32,24,20,12,0,8,NA,NA
3,N2,110,ev,0,25,53,61,49,22,9,0,0,0
3,N2,111,daf,0,26,34,34,47,36,33,16,7,0
3,N2,112,ev,0,28,37,48,57,39,4,2,NA,NA
3,N2,113,ev,0,26,50,62,68,38,4,0,1,0
3,N2,114,ev,NA,NA,NA,NA,NA,NA,NA,NA,NA,NA
3,N2,115,ev,4,38,60,71,62,20,NA,NA,NA,NA
3,N2,116,ev,0,30,58,72,49,20,2,0,1,0
3,N2,117,ev,1,27,40,49,60,54,27,1,2,0
3,N2,118,daf,0,41,67,62,61,36,19,5,0,1
3,N2,119,ev,2,32,33,27,31,36,31,25,10,1
3,N2,120,daf,1,28,59,58,60,36,13,0,0,0
3,N2,121,daf,0,37,51,60,66,53,26,13,5,1
3,N2,122,daf,1,31,35,35,37,33,21,12,8,4
3,N2,123,daf,0,25,27,26,34,36,32,12,11,5
3,N2,124,ev,0,34,56,73,65,17,0,0,1,0
